"","ID","Site","Lat","Long","Mean_T","Mean_precip","AGB","L_AGB","T_AGB","Age","A_L_Ratio","A_T_Ratio","Ref","Age_sq"
"1","1","318",63,145,-16.8,316,3.82,NA,5.265,140,NA,0.725546058879392,"Bondarev, 1997",19600
"2","2","372",66.8667,102.3333,-13,320,3.58579177047828,NA,4.27741825672626,102,NA,0.838307491870735,"Bondarev, 1997",10404
"3","3","372",66.8667,102.3333,-13,320,5.48321672848084,NA,6.64270839136849,154,NA,0.825448959283793,"Bondarev, 1997",23716
"4","4","372",66.8667,102.3333,-13,320,7.21532856116471,NA,9.19078548198369,154,NA,0.78506114361048,"Bondarev, 1997",23716
"5","5","372",72.5,101.83333,-13.4,273,3.03169887225991,NA,3.90873617468628,210,NA,0.775621258833935,"Bondarev, 1997",44100
"6","6","372",66.8667,102.3333,-13,320,6.05000858228371,NA,7.85993074142338,175,NA,0.76972797615111,"Bondarev, 1997",30625
"7","7","372",71.2833,99.5,-12.7,285,10.1379878083018,NA,13.3335583834798,230,NA,0.760336252088773,"Bondarev, 1997",52900
"8","8","372",72.5667,105.3333,-13.3,250,6.38365729688796,NA,8.55393907919087,203,NA,0.746282763740679,"Bondarev, 1997",41209
"9","9","372",70.8833,102.93333,-13.6,276,6.1927649012219,NA,8.34044017350333,292,NA,0.742498569907094,"Bondarev, 1997",85264
"10","10","372",66.8667,102.3333,-13,320,10.1298640567528,NA,13.6602455380891,172,NA,0.741557977746995,"Bondarev, 1997",29584
"11","11","372",68.7333,104.33333,-12.5,262,10.2614019621342,NA,14.4477647316823,257,NA,0.710241490826064,"Bondarev, 1997",66049
"18","18","405",26.47,117.95,19.3,1669,306.2965,392.86,NA,80,0.779658147940742,NA,"CERN",6400
"19","19","405",26.47,117.95,19.3,1669,268.1165,347.825,NA,80,0.770837346366708,NA,"CERN",6400
"20","20","223",47,129,1.7,544.7,37,52,NA,101,0.711538461538462,NA,"CERN",10201
"21","21","103",38.7,100,-3.7,347,120.5,NA,164.5,193,NA,0.732522796352584,"Chang et al., 1997",37249
"22","22","103",38.7,100,-3.7,347,79.9,NA,108,165,NA,0.739814814814815,"Chang et al., 1997",27225
"23","23","103",38.7,100,-3.7,347,50.8,NA,68.6,255,NA,0.740524781341108,"Chang et al., 1997",65025
"28","28","330",37.474,101.214,0.1,459,55.7060862960801,74.6029449210801,NA,150,0.74670090242429,NA,"China’s Forest Editorial Committee, 1999",22500
"29","29","418",37.2724,101.9524,1,490,61.0110226555236,77.5868111755236,NA,170,0.786358167466107,NA,"China’s Forest Editorial Committee, 1999",28900
"30","30","434",37.3,101.6,-1.6,494,52.9816170004487,73.5157484001287,NA,180,0.720683909957393,NA,"China’s Forest Editorial Committee, 1999",32400
"31","31","434",37.3,101.6,-1.6,494,59.2267744398423,82.7261002854423,NA,206,0.71593818922303,NA,"China’s Forest Editorial Committee, 1999",42436
"32","32","434",37.3,101.6,-1.6,494,139.789342647342,197.414463977442,NA,290,0.708100814048334,NA,"China’s Forest Editorial Committee, 1999",84100
"33","33","446",35.021,100.0533,-1.6,430,128.148707506174,189.281176804136,NA,252,0.677028269106648,NA,"China’s Forest Editorial Committee, 1999",63504
"34","34","446",35.021,100.0533,-1.6,430,97.8693224695635,147.654652044163,NA,263,0.662825865048199,NA,"China’s Forest Editorial Committee, 1999",69169
"35","35","40",29.92,95.88,9,850,717.595,NA,NA,350,NA,NA,"Feng et al., 1999",122500
"36","36","308",44.254,-122.175,8.5,2118,615.3,NA,958,450,NA,0.642275574112735,"Hudiburg et al., 2009",202500
"37","37","308",44.214,-122.241,10.3,1869,422.1,NA,658,460,NA,0.641489361702128,"Hudiburg et al., 2009",211600
"38","38","308",44.222,-122.249,10.4,1859,253.7,NA,401.9,450,NA,0.631251555113212,"Hudiburg et al., 2009",202500
"39","39","308",44.213,-122.217,10.1,2003,307.3,NA,487.4,450,NA,0.630488305293394,"Hudiburg et al., 2009",202500
"40","40","308",44.213,-122.148,5.8,2260,407.9,NA,652.5,460,NA,0.625134099616858,"Hudiburg et al., 2009",211600
"41","41","308",44.227,-122.122,7,2332,605.9,NA,974.8,460,NA,0.621563397620025,"Hudiburg et al., 2009",211600
"42","42","308",44.231,-122.146,8,2264,550.5,NA,896.9,450,NA,0.613780800535177,"Hudiburg et al., 2009",202500
"43","43","308",44.202,-122.257,11.4,1719,283.9,NA,464.9,460,NA,0.610668961066896,"Hudiburg et al., 2009",211600
"44","44","308",44.212,-122.236,8.9,1906,521.2,NA,856.4,460,NA,0.60859411489958,"Hudiburg et al., 2009",211600
"45","45","308",44.262,-122.181,8.1,2101,498.4,NA,825.8,450,NA,0.603535965124728,"Hudiburg et al., 2009",202500
"46","46","308",44.217,-122.243,10.9,1868,314.9,NA,552.3,460,NA,0.570161144305631,"Hudiburg et al., 2009",211600
"47","47","308",44.227,-122.123,7.1,1240,359,NA,651.1,450,NA,0.551374596836123,"Hudiburg et al., 2009",202500
"48","48","308",44.26,-122.159,7.8,2202,411.5,NA,774.8,460,NA,0.531104801239029,"Hudiburg et al., 2009",211600
"49","49","308",44.274,-122.14,3.8,2282,328.2,NA,741.2,450,NA,0.442795466810577,"Hudiburg et al., 2009",202500
"50","50","309",45.062,-123.99,7.9,2417,472.9,NA,754.1,150,NA,0.627105158467047,"Hudiburg et al., 2009",22500
"51","51","309",45.065,-123.942,9,2552,531.1,NA,864.6,150,NA,0.614272495951885,"Hudiburg et al., 2009",22500
"52","52","309",45.044,-123.901,8.6,2660,472,NA,776.8,150,NA,0.607621009268795,"Hudiburg et al., 2009",22500
"53","53","309",45.065,-123.941,9,2554,498.6,NA,837.8,150,NA,0.595130102649797,"Hudiburg et al., 2009",22500
"54","54","309",45.063,-123.939,8.7,2559,432.1,NA,730.3,150,NA,0.591674654251677,"Hudiburg et al., 2009",22500
"55","55","309",45.065,-123.944,9,2549,380.3,NA,665.2,150,NA,0.571707757065544,"Hudiburg et al., 2009",22500
"56","56","309",45.049,-123.898,8.5,2651,405.5,NA,738.8,150,NA,0.548863021115322,"Hudiburg et al., 2009",22500
"57","57","309",45.046,-123.897,8.3,2658,391.4,NA,724.1,150,NA,0.540533075542052,"Hudiburg et al., 2009",22500
"58","58","310",44.488,-121.631,8.1,355,82.5,NA,172.9,300,NA,0.477154424522846,"Hudiburg et al., 2009",90000
"59","59","311",43.706,-121.613,5.8,549,107,NA,189.5,500,NA,0.564643799472295,"Hudiburg et al., 2009",250000
"60","60","311",43.709,-121.603,5,539,77,NA,141.6,400,NA,0.543785310734463,"Hudiburg et al., 2009",160000
"61","61","311",43.707,-121.609,5.7,545,66.9,NA,128.3,400,NA,0.521434138737334,"Hudiburg et al., 2009",160000
"62","62","397",46.96,-121.843,3.9,2500,338.9,NA,496.9,1200,NA,0.682028577178507,"Hudiburg et al., 2009",1440000
"63","63","397",46.995,-121.88,8.1,2112,349.2,NA,572.9,550,NA,0.6095304590679,"Hudiburg et al., 2009",302500
"64","64","397",46.823,-121.551,5.4,2249,379.6,NA,632.4,1000,NA,0.600253004427577,"Hudiburg et al., 2009",1e+06
"65","65","397",46.768,-121.742,4.1,2812,342.4,NA,582.3,300,NA,0.588013051691568,"Hudiburg et al., 2009",90000
"66","66","397",46.777,-121.783,6,2658,487.9,NA,853.7,750,NA,0.571512240834017,"Hudiburg et al., 2009",562500
"67","67","397",46.748,-121.803,6.1,2421,346.9,NA,625.5,700,NA,0.554596322941647,"Hudiburg et al., 2009",490000
"68","68","397",46.741,-121.887,8.8,2166,378.7,NA,731.8,750,NA,0.517491117791746,"Hudiburg et al., 2009",562500
"69","69","397",46.827,-121.546,6.6,2257,196,NA,385,1000,NA,0.509090909090909,"Hudiburg et al., 2009",1e+06
"70","70","397",46.919,-121.538,7.3,2076,265.1,NA,553.4,500,NA,0.479038670039754,"Hudiburg et al., 2009",250000
"71","71","398",45.828,-121.969,7.8,2496,542.9,NA,941.1,470,NA,0.576878121347359,"Hudiburg et al., 2009",220900
"72","72","399",47.779,-123.908,8.2,3669,406.7,NA,658.7,280,NA,0.617428267800213,"Hudiburg et al., 2009",78400
"73","73","399",47.779,-123.908,8.2,3669,458.1,NA,788.8,280,NA,0.580755578093306,"Hudiburg et al., 2009",78400
"74","74","399",47.43,-123.873,8.9,2893,331.9,NA,585.1,230,NA,0.567253460946847,"Hudiburg et al., 2009",52900
"75","75","399",47.429,-123.873,8.9,2899,313.5,NA,554.8,230,NA,0.565068493150685,"Hudiburg et al., 2009",52900
"76","76","399",47.779,-123.908,8.2,3669,278,NA,513.8,280,NA,0.541066562864928,"Hudiburg et al., 2009",78400
"77","77","399",47.779,-123.908,8.2,3669,293.4,NA,550.5,280,NA,0.532970027247956,"Hudiburg et al., 2009",78400
"78","78","399",47.834,-123.99,8.9,3026,368.2,NA,718.3,230,NA,0.512599192537937,"Hudiburg et al., 2009",52900
"79","79","88",69,160,-12.685,310,8.165,NA,13.625,155,NA,0.599266055045871,"Kajimoto et al., 2006",24025
"82","82","391",64,100,-9.355,600,3.145,NA,4.635,100,NA,0.678532901833873,"Kajimoto et al., 2006",10000
"83","83","391",64,100,-9.355,600,11.625,NA,17.485,220,NA,0.664855590506148,"Kajimoto et al., 2006",48400
"94","94","179",48.371,23.67,7,800,127.745,NA,NA,250,NA,NA,"Keeton et al., 2010",62500
"95","95","179",48.371,23.67,7,800,151.49,NA,NA,250,NA,NA,"Keeton et al., 2010",62500
"96","96","179",48.438,23.39,7,800,90.625,NA,NA,150,NA,NA,"Keeton et al., 2010",22500
"111","111","68",-37.62,145.79,9.4,1670,1053,NA,1867,500,NA,0.564006427423674,"Keith et al., 2009",250000
"295","295","150",26,119.3,14.3,1802.6,88.545,106.305,NA,102,0.832933540285029,NA,"Luo, 1996",10404
"296","296","406",27.1,118.1,17.1,1620.3,168.285,195.955,NA,120,0.858794110892807,NA,"Luo, 1996",14400
"297","297","266",26.7,118,15.1,1972.8,239.39,282.63,NA,200,0.847008456285603,NA,"Luo, 1996",40000
"298","298","233",27,118.9,13.1,2205,100.955,124.245,NA,160,0.812547788643406,NA,"Luo, 1996",25600
"299","299","425",26.1,117.4,17.7,1713.4,234.65,275.09,NA,99,0.852993565742121,NA,"Luo, 1996",9801
"300","300","98",27.1,117.3,12.7,2204.4,104.45,125.805,NA,114,0.830253169587854,NA,"Luo, 1996",12996
"301","301","360",27.3,117.4,16.8,1617.3,216.665,252.095,NA,115,0.859457744104405,NA,"Luo, 1996",13225
"302","302","411",27,117.6,17.1,1635.7,212.655,247.83,NA,80,0.858068030504782,NA,"Luo, 1996",6400
"303","303","257",34.6,103.5,1,741.1,87.15,116.505,NA,96,0.748036564954294,NA,"Luo, 1996",9216
"304","304","112",23.13,112.58,21.2,1713.3,146.01,212.735,NA,200,0.686346863468635,NA,"Luo, 1996",40000
"305","305","158",23.45,111.88,20.5,1734.5,140.59,176.76,NA,100,0.795372256166554,NA,"Luo, 1996",10000
"306","306","22",21.7,109.6,23.8,1581,200.16,265.865,NA,97,0.75286329528144,NA,"Luo, 1996",9409
"307","307","270",25.9,110.1,18.5,1507.8,106.79,121.54,NA,101,0.878640776699029,NA,"Luo, 1996",10201
"308","308","161",25.7,110,18.4,1553.1,165.535,194.035,NA,81,0.853119282603654,NA,"Luo, 1996",6561
"309","309","272",26.4,106.7,14.9,1214.4,91.96,136.175,NA,87,0.675307508720397,NA,"Luo, 1996",7569
"310","310","210",28.2,107,10.9,1154.5,145.365,184.94,NA,80,0.78601167946361,NA,"Luo, 1996",6400
"311","311","224",26.3,108,9.9,1415.7,79.745,100.47,NA,80,0.793719518264159,NA,"Luo, 1996",6400
"312","312","202",25.25,107.98,17.2,1210.3,44.6,78.05,NA,100,0.571428571428572,NA,"Luo, 1996",10000
"313","313","387",27.1,109.02,14.8,1336.9,118.84,156.67,NA,110,0.75853705240314,NA,"Luo, 1996",12100
"314","314","26",28.1,106.8,8.8,1170.2,136.405,181.96,NA,121,0.749642778632667,NA,"Luo, 1996",14641
"315","315","428",28.5,106.32,12.5,1135.5,65.44,78.64,NA,80,0.832146490335707,NA,"Luo, 1996",6400
"316","316","186",18.62,104.68,22.6,2205.7,220.47,254.825,NA,93,0.865181987638576,NA,"Luo, 1996",8649
"317","317","231",19.23,109.82,21.9,2366.4,246.325,286.425,NA,110,0.859998254342323,NA,"Luo, 1996",12100
"318","318","74",44.7,129.7,2.9,696.4,78.01,121.11,NA,181,0.644125175460325,NA,"Luo, 1996",32761
"319","319","100",44.3,129.4,1.4,732.3,93.72,120.365,NA,114,0.778631662027998,NA,"Luo, 1996",12996
"320","320","100",44.3,128.4,3.4,681.9,55.265,72.735,NA,89,0.759813019866639,NA,"Luo, 1996",7921
"321","321","371",52.3,124.7,-4.1,514.6,52.97,63.715,NA,134,0.831358392843129,NA,"Luo, 1996",17956
"322","322","371",52.3,124.7,-4.4,523.5,34.02,43.415,NA,111,0.783600138201083,NA,"Luo, 1996",12321
"323","323","223",47,129,1.7,544.7,37.08,52.385,NA,101,0.707836212656295,NA,"Luo, 1996",10201
"324","324","223",47,129,1.7,544.7,37.08,52.385,NA,101,0.707836212656295,NA,"Luo, 1996",10201
"325","325","226",46.5,131.8,1.5,654.3,65.935,96.805,NA,124,0.681111512835081,NA,"Luo, 1996",15376
"326","326","154",51.7,126.6,-4.6,518.7,38.825,49.61,NA,84,0.782604313646442,NA,"Luo, 1996",7056
"327","327","171",51.7,126.6,-3.3,471.2,32.035,41.78,NA,120,0.76675442795596,NA,"Luo, 1996",14400
"328","328","117",46.3,133.5,1.9,720.6,71.92,104.845,NA,191,0.685964995946397,NA,"Luo, 1996",36481
"329","329","402",45.8,132.9,2.7,731.7,43.455,53.08,NA,84,0.818669932177845,NA,"Luo, 1996",7056
"330","330","402",45.8,132.9,2.5,729.5,71.98,103.55,NA,204,0.695123128923226,NA,"Luo, 1996",41616
"331","331","227",46.5,131.8,0.5,642.7,57.61,69.635,NA,108,0.827313850793423,NA,"Luo, 1996",11664
"332","332","132",52.7,122,-4.2,528,49.085,61.3,NA,93,0.800734094616639,NA,"Luo, 1996",8649
"333","333","263",53,122.4,-4.8,561.1,56.645,70.365,NA,150,0.805016698642791,NA,"Luo, 1996",22500
"334","334","416",50.2,126.4,-4.7,496.6,60.385,72.92,NA,180,0.828099286889742,NA,"Luo, 1996",32400
"335","335","123",50.8,121.5,-3.9,462.7,47.945,57.63,NA,130,0.83194516744751,NA,"Luo, 1996",16900
"336","336","122",52.6,120.6,-5.1,556.3,48.715,61.035,NA,90,0.798148603260424,NA,"Luo, 1996",8100
"337","337","332",52.2,120.8,-3.9,497.8,64.585,76.53,NA,171,0.843917418006011,NA,"Luo, 1996",29241
"338","338","100",44.3,129.4,0.4,743.5,82.165,97.015,NA,131,0.846930886976241,NA,"Luo, 1996",17161
"339","339","273",52.6,124.2,-6.6,623.2,54.94,64.1,NA,80,0.857098283931357,NA,"Luo, 1996",6400
"340","340","410",52.3,124.7,-4.2,519,86,102.325,NA,100,0.840459320791595,NA,"Luo, 1996",10000
"341","341","99",47.7,128.9,-0.9,469.9,88.17,101.675,NA,104,0.867174821735923,NA,"Luo, 1996",10816
"342","342","421",31,110.3,1.6,1937.3,55.34,63.375,NA,87,0.873214990138067,NA,"Luo, 1996",7569
"343","343","106",32,110.7,1,1784.4,54.79,62.71,NA,159,0.873704353372668,NA,"Luo, 1996",25281
"344","344","357",31.7,110.6,1.5,1811.1,53.45,61.5,NA,151,0.869105691056911,NA,"Luo, 1996",22801
"345","345","107",31.2,110.7,1.9,1919.3,33.65,38.605,NA,125,0.871648750161896,NA,"Luo, 1996",15625
"346","346","79",42.4,128.1,0.6,907.1,106.8,128.475,NA,142,0.831290134267367,NA,"Luo, 1996",20164
"347","347","101",43.3,129.7,1.6,824.7,74.17,86.72,NA,132,0.855281365313653,NA,"Luo, 1996",17424
"348","348","24",43.51,117.22,0.7,381.4,34.92,48.625,NA,170,0.718149100257069,NA,"Luo, 1996",28900
"349","349","83",33.5,107.9,4.1,881,77.71,89.95,NA,80,0.863924402445803,NA,"Luo, 1996",6400
"350","350","331",33.9,107.7,3.3,854.3,63.065,73.225,NA,125,0.861249573233186,NA,"Luo, 1996",15625
"351","351","424",33.2,107.5,4,902.1,56.325,65.81,NA,98,0.855872967634098,NA,"Luo, 1996",9604
"352","352","25",31.2,98.8,4.9,548.8,77.415,97.575,NA,184,0.793389700230592,NA,"Luo, 1996",33856
"353","353","92",31.7,101.6,3.1,670.3,129.03,155.755,NA,178,0.828416423228789,NA,"Luo, 1996",31684
"354","354","105",31,101.1,4,662.3,131.495,161.94,NA,165,0.811998270964555,NA,"Luo, 1996",27225
"355","355","225",28.8,103,7.6,928.8,281.265,322.945,NA,184,0.870937775782254,NA,"Luo, 1996",33856
"356","356","159",32,102.9,3.8,783.7,143.55,175.31,NA,166,0.818835206206149,NA,"Luo, 1996",27556
"357","357","192",29,101.5,5.5,776,126.21,152.175,NA,169,0.829374075899458,NA,"Luo, 1996",28561
"358","358","239",31.4,103.1,7,833.1,130.92,160.655,NA,163,0.814913946033426,NA,"Luo, 1996",26569
"359","359","284",31.6,102.8,6.1,794.8,135.995,167.305,NA,169,0.812856758614506,NA,"Luo, 1996",28561
"360","360","253",32,102.6,3.9,753.6,167.08,199.5,NA,206,0.83749373433584,NA,"Luo, 1996",42436
"361","361","253",31.9,102.2,3.4,716.8,117.05,140.75,NA,243,0.831616341030195,NA,"Luo, 1996",59049
"362","362","253",31.8,102.2,4,723.4,179.78,226.05,NA,119,0.795310771953108,NA,"Luo, 1996",14161
"363","363","268",31.6,103.8,5.2,898.5,113.63,143.425,NA,91,0.792260763465226,NA,"Luo, 1996",8281
"364","364","291",27.9,101.2,5.9,799.2,105.995,131.94,NA,144,0.803357586781871,NA,"Luo, 1996",20736
"365","365","21",33.25,103.77,4,831.9,96.74,121.59,NA,122,0.795624640184226,NA,"Luo, 1996",14884
"366","366","104",33.63,103.76,3.7,816.5,105.175,126.325,NA,120,0.832574708094201,NA,"Luo, 1996",14400
"367","367","104",33.52,104.9,3.6,961.4,105.125,129.89,NA,208,0.809338671183309,NA,"Luo, 1996",43264
"368","368","104",33.57,103.67,3.8,808.7,94.34,116.685,NA,151,0.808501521189527,NA,"Luo, 1996",22801
"369","369","104",33.65,103.75,4,814.4,133.73,165.815,NA,118,0.806501221240539,NA,"Luo, 1996",13924
"370","370","104",33.52,103.76,3.8,820.7,70.215,87.49,NA,143,0.802548862727169,NA,"Luo, 1996",20449
"371","371","104",33.62,103.73,3.5,814,73.41,91.76,NA,115,0.800021795989538,NA,"Luo, 1996",13225
"372","372","104",33.67,103.77,3.7,816.3,78.76,98.49,NA,94,0.799675093918164,NA,"Luo, 1996",8836
"373","373","104",33.58,103.73,3.8,814.5,63.91,80.235,NA,121,0.796535177914875,NA,"Luo, 1996",14641
"374","374","104",33.3,103.75,4,827.7,90.39,113.7,NA,103,0.794986807387863,NA,"Luo, 1996",10609
"375","375","104",33.6,103.33,2.7,769.4,94.875,119.43,NA,137,0.794398392363728,NA,"Luo, 1996",18769
"376","376","104",33.6,103.74,3.7,815.9,58.025,73.095,NA,130,0.793829947328819,NA,"Luo, 1996",16900
"377","377","104",32.6,103.76,4.4,855.2,91.97,116.015,NA,210,0.792742317803732,NA,"Luo, 1996",44100
"378","378","157",33.55,104.55,3.6,916.6,127.235,159.105,NA,143,0.799692027277584,NA,"Luo, 1996",20449
"379","379","157",33.57,104.66,3.6,928.7,96.585,121.675,NA,156,0.793794945551675,NA,"Luo, 1996",24336
"380","380","157",33.67,104.04,3.6,847.7,117.945,149.725,NA,162,0.787744197695776,NA,"Luo, 1996",26244
"381","381","193",33.01,104.03,4.1,871.7,80.015,98.59,NA,171,0.811593467897353,NA,"Luo, 1996",29241
"382","382","232",33.42,103.88,3.9,839,89.11,112.015,NA,134,0.795518457349462,NA,"Luo, 1996",17956
"383","383","232",33.47,103.53,3,797.1,89.535,113.05,NA,134,0.791994692613888,NA,"Luo, 1996",17956
"384","384","232",33.38,104.1,3.8,865.3,62.2,80.27,NA,114,0.774884763921764,NA,"Luo, 1996",12996
"385","385","241",33.23,103.7,3.9,825.2,85.245,105.185,NA,169,0.810429243713457,NA,"Luo, 1996",28561
"386","386","255",33.07,104.12,4,879.6,109.005,133.945,NA,170,0.813804173354735,NA,"Luo, 1996",28900
"387","387","157",33.65,104.05,3.7,849.6,122.845,152.48,NA,171,0.805646642182581,NA,"Luo, 1996",29241
"388","388","157",33.68,104.03,3.6,846.1,105.815,133.15,NA,169,0.794705219677056,NA,"Luo, 1996",28561
"389","389","157",33.6,104.41,3.6,896.4,79.985,101.07,NA,121,0.791382210349263,NA,"Luo, 1996",14641
"390","390","157",33.63,104.05,3.7,850.4,88.91,112.79,NA,121,0.788279102757337,NA,"Luo, 1996",14641
"391","391","232",33.17,103.92,4.1,852.9,86.29,108.01,NA,152,0.798907508564022,NA,"Luo, 1996",23104
"392","392","437",33.33,104.15,3.9,873.3,58.98,73.63,NA,128,0.801032187966861,NA,"Luo, 1996",16384
"393","393","31",33.53,103.34,2.6,772.4,84.135,105.755,NA,148,0.795565221502529,NA,"Luo, 1996",21904
"394","394","31",33.55,103.3,2.6,767.4,96.535,121.55,NA,148,0.79419991772933,NA,"Luo, 1996",21904
"395","395","31",33.38,103.32,2.7,775.7,74.425,94.55,NA,138,0.787149656266526,NA,"Luo, 1996",19044
"396","396","29",33.47,103.46,2.9,788.2,107.325,133.34,NA,146,0.804897255137243,NA,"Luo, 1996",21316
"397","397","29",33.35,103.41,2.7,787.5,144.61,180.04,NA,150,0.803210397689402,NA,"Luo, 1996",22500
"398","398","29",33.32,103.61,3.5,810.9,88.635,110.385,NA,129,0.802962359016171,NA,"Luo, 1996",16641
"399","399","29",33.37,103.36,2.7,781.1,100.66,125.55,NA,158,0.801752289924333,NA,"Luo, 1996",24964
"400","400","29",33.43,103.49,2.9,794.1,93.3,116.83,NA,135,0.798596250962938,NA,"Luo, 1996",18225
"401","401","29",33.4,103.37,2.7,781.5,94,118.385,NA,154,0.794019512607171,NA,"Luo, 1996",23716
"402","402","29",33.38,103.5,2.9,797.2,85.28,107.505,NA,142,0.793265429514906,NA,"Luo, 1996",20164
"403","403","29",33.33,103.47,3.3,794.7,102.93,129.84,NA,131,0.792744916820702,NA,"Luo, 1996",17161
"404","404","29",33.62,103.39,2.6,775.6,103.83,131.28,NA,150,0.790904936014625,NA,"Luo, 1996",22500
"405","405","29",33.48,103.54,2.9,797,82.56,105.895,NA,137,0.779640209641626,NA,"Luo, 1996",18769
"406","406","29",33.53,103.66,3.5,808.9,106.325,132.44,NA,148,0.802816369676835,NA,"Luo, 1996",21904
"407","407","62",33.85,103.3,2.4,756.6,65.885,83.66,NA,144,0.787532871145111,NA,"Luo, 1996",20736
"408","408","343",33.76,103.34,2.5,764.4,74.075,94.425,NA,137,0.784485041037861,NA,"Luo, 1996",18769
"409","409","242",34.2,102.93,2.3,703.7,86.255,110.235,NA,114,0.782464734430988,NA,"Luo, 1996",12996
"410","410","242",34.2,102.93,2.3,703.7,86.255,110.235,NA,114,0.782464734430988,NA,"Luo, 1996",12996
"411","411","353",33.27,103.82,3.8,837,72.095,91.005,NA,131,0.792209219273666,NA,"Luo, 1996",17161
"412","412","353",33.28,103.66,3.8,817.8,72.8,94.965,NA,92,0.766598220396988,NA,"Luo, 1996",8464
"413","413","353",33.52,103.3,2.6,768.7,80.71,102.645,NA,142,0.786302304057675,NA,"Luo, 1996",20164
"414","414","353",33.55,103.62,3.7,803.7,105.225,129.74,NA,140,0.811045167257592,NA,"Luo, 1996",19600
"415","415","29",33.57,103.32,2.6,769.1,106.88,133.795,NA,167,0.798834037146381,NA,"Luo, 1996",27889
"416","416","242",34.17,102.82,2.3,693.9,67.84,87.775,NA,109,0.772885217886642,NA,"Luo, 1996",11881
"417","417","333",33.58,103.28,2.6,763.9,92.32,116.345,NA,133,0.793502084318191,NA,"Luo, 1996",17689
"418","418","353",33.5,103.57,3,800.4,86.89,110.67,NA,119,0.785126954007409,NA,"Luo, 1996",14161
"419","419","353",33.52,103.54,2.6,796.5,118.63,148.44,NA,146,0.799178119105362,NA,"Luo, 1996",21316
"420","420","353",33.52,105.4,2.2,1044.6,157.855,206.76,NA,109,0.763469723350745,NA,"Luo, 1996",11881
"421","421","443",34.25,102.92,2.2,700.8,52.16,67.515,NA,90,0.77256905872769,NA,"Luo, 1996",8100
"422","422","29",33.45,103.5,2.9,794.2,74.105,93.9,NA,137,0.789190628328008,NA,"Luo, 1996",18769
"423","423","363",32.6,103.6,4,837.4,124.3,151.635,NA,198,0.819731592310482,NA,"Luo, 1996",39204
"424","424","415",30.9,103.1,7.4,853.2,113.525,141.86,NA,133,0.80026082052728,NA,"Luo, 1996",17689
"425","425","419",30.9,102.33,5.8,775.8,112.905,136.4,NA,214,0.82774926686217,NA,"Luo, 1996",45796
"426","426","426",30.9,100.3,3.7,612.7,191.205,227.84,NA,317,0.839207338483146,NA,"Luo, 1996",100489
"427","427","432",30,101,4.4,693.8,86.725,108.56,NA,164,0.798866985998526,NA,"Luo, 1996",26896
"428","428","448",28.6,97.4,6.1,800,223.025,245.515,NA,175,0.908396635643443,NA,"Luo, 1996",30625
"429","429","82",31.1,97.1,1.9,584.4,53.47,67.35,NA,100,0.793912397921307,NA,"Luo, 1996",10000
"430","430","33",30.9,94.7,1,526.9,62.26,73.865,NA,113,0.84288905435592,NA,"Luo, 1996",12769
"431","431","39",29.8,95.7,6.6,850,206.03,231.43,NA,152,0.890247591064253,NA,"Luo, 1996",23104
"432","432","187",31.5,98.2,1.5,592.8,90.735,106.25,NA,120,0.853976470588235,NA,"Luo, 1996",14400
"433","433","187",31.4,94.3,2.7,486.3,66.38,80.34,NA,100,0.826238486432661,NA,"Luo, 1996",10000
"434","434","222",31.2,96.5,2.4,561.3,54.97,66.145,NA,100,0.831052989643964,NA,"Luo, 1996",10000
"435","435","250",30.7,95.8,1.9,570.2,60.975,73.675,NA,110,0.827621309806583,NA,"Luo, 1996",12100
"436","436","261",29.6,98.5,1.6,712,86.765,103.9,NA,150,0.835081809432146,NA,"Luo, 1996",22500
"437","437","449",29.6,97.8,2.6,691.8,91.925,108.95,NA,116,0.843735658558972,NA,"Luo, 1996",13456
"438","438","140",29.9,93.3,4.5,544.7,100.565,118.645,NA,129,0.847612625900797,NA,"Luo, 1996",16641
"439","439","234",29.5,94.3,4.9,596.8,102.85,119.03,NA,143,0.864067882046543,NA,"Luo, 1996",20449
"440","440","281",29.2,94.1,7,608.5,120.205,138.54,NA,140,0.867655550743468,NA,"Luo, 1996",19600
"441","441","237",29.7,94.1,5.8,579.4,145.17,166.805,NA,149,0.870297652948053,NA,"Luo, 1996",22201
"442","442","248",29.8,94.7,5.1,590.9,118.325,139.145,NA,86,0.850371914190233,NA,"Luo, 1996",7396
"443","443","298",28.1,85.9,12,436.4,143.6,160.67,NA,140,0.8937573909255,NA,"Luo, 1996",19600
"444","444","189",28.9,85.2,10.4,369.6,109.6,124.39,NA,131,0.881099766862288,NA,"Luo, 1996",17161
"445","445","189",28.9,85.2,7.2,369.6,67.48,80.57,NA,105,0.8375325803649,NA,"Luo, 1996",11025
"446","446","189",27.9,85.9,8.3,447.9,111.145,126.675,NA,192,0.877402802447207,NA,"Luo, 1996",36864
"447","447","442",27.9,85.9,11.6,447.9,138.305,156.62,NA,170,0.88306091176095,NA,"Luo, 1996",28900
"448","448","217",29,93.1,4.3,591.3,94.685,110.5,NA,160,0.856877828054299,NA,"Luo, 1996",25600
"449","449","417",28.4,97,5.7,738.6,154.995,179.93,NA,144,0.861418329350303,NA,"Luo, 1996",20736
"450","450","430",29.9,93.8,4.7,559.1,112.255,130.055,NA,125,0.86313482757295,NA,"Luo, 1996",15625
"451","451","385",44.2,88,-1.1,826.7,81.94,99.22,NA,128,0.825841564200766,NA,"Luo, 1996",16384
"452","452","142",43.4,82.2,2.3,690.9,182.725,231.665,NA,96,0.788746681630803,NA,"Luo, 1996",9216
"453","453","420",43.2,84.6,2.1,625.7,214.655,279.505,NA,115,0.767982683672922,NA,"Luo, 1996",13225
"454","454","190",44,89.1,-1.1,799.1,111.885,138.405,NA,122,0.808388425273653,NA,"Luo, 1996",14884
"455","455","258",44.3,86.2,-0.2,814.3,137.305,167.59,NA,122,0.819291127155558,NA,"Luo, 1996",14884
"456","456","289",43.8,90.3,-1.1,759,68.285,81.695,NA,86,0.835852867372544,NA,"Luo, 1996",7396
"457","457","356",44.3,85.6,-0.7,853.5,82.07,100.8,NA,95,0.814186507936508,NA,"Luo, 1996",9025
"458","458","211",43.2,81.8,-1.1,839.1,184.56,238.455,NA,261,0.773982512423728,NA,"Luo, 1996",68121
"459","459","283",43.9,87.7,-1.3,836.4,116.82,143.9,NA,178,0.811813759555247,NA,"Luo, 1996",31684
"460","460","294",43.03,87.13,0.2,636,88.74,109.05,NA,108,0.813755158184319,NA,"Luo, 1996",11664
"461","461","386",43.3,88.3,-0.1,676.7,91.91,109.895,NA,97,0.83634378270167,NA,"Luo, 1996",9409
"462","462","444",43.1,81.1,0.3,760.9,142.405,176.96,NA,116,0.804729882459313,NA,"Luo, 1996",13456
"463","463","412",27.45,98.96,7.5,1235.1,119.53,143.515,NA,90,0.832874612409853,NA,"Luo, 1996",8100
"464","464","412",27.53,98.96,10,1253.5,65.075,79.785,NA,90,0.815629504292787,NA,"Luo, 1996",8100
"465","465","412",27.53,99.2,6.6,1173.2,139.625,169.9,NA,100,0.821806945261919,NA,"Luo, 1996",10000
"466","466","109",28.18,98.96,5.7,1318.6,234.255,265.03,NA,150,0.883881070067539,NA,"Luo, 1996",22500
"467","467","109",27.82,99.26,8,1200.4,218.78,248.875,NA,150,0.879075841285786,NA,"Luo, 1996",22500
"468","468","109",28.62,98.65,3.8,1483.1,132.7,151.96,NA,150,0.873256120031587,NA,"Luo, 1996",22500
"469","469","109",28.53,98.84,6.9,1464.4,106.425,123.295,NA,120,0.863173689119591,NA,"Luo, 1996",14400
"470","470","109",28,99.15,5.5,1232,166.61,193.465,NA,175,0.861189362416975,NA,"Luo, 1996",30625
"471","471","109",28.9,99.02,3.3,1411.5,79.77,96.765,NA,100,0.824368314989924,NA,"Luo, 1996",10000
"472","472","109",27.82,99.14,5.6,1209.4,191.37,233.81,NA,200,0.818485094735041,NA,"Luo, 1996",40000
"473","473","230",27.02,99.62,8.4,1055.5,124.985,141.905,NA,100,0.880765300729361,NA,"Luo, 1996",10000
"474","474","230",27.17,99.57,8.7,1067.6,192.85,225.625,NA,100,0.854736842105263,NA,"Luo, 1996",10000
"475","475","230",27.1,99.44,8.3,1095.9,163.795,191.93,NA,120,0.853410097431355,NA,"Luo, 1996",14400
"476","476","230",26.95,99.5,6.2,1095,115.555,136.955,NA,100,0.843744295571538,NA,"Luo, 1996",10000
"477","477","230",26.8,100.2,5.5,981.4,89.875,107.995,NA,122,0.832214454372887,NA,"Luo, 1996",14884
"478","478","300",27.53,100.6,6.7,890.2,160.94,182.91,NA,200,0.879886282871358,NA,"Luo, 1996",40000
"479","479","300",27.32,100.66,5.4,880.1,86.425,103.9,NA,120,0.831809432146294,NA,"Luo, 1996",14400
"480","480","412",27.36,99.34,8.1,1130.2,121.06,139.945,NA,160,0.865054128407589,NA,"Luo, 1996",25600
"481","481","412",27.1,99.2,6.9,1157.6,112.665,135.425,NA,161,0.831936496215617,NA,"Luo, 1996",25921
"482","482","439",26.14,99.38,9.6,1150.9,103.44,120.385,NA,105,0.859243261203638,NA,"Luo, 1996",11025
"483","483","445",27.7,99.7,8.1,1076.5,123.025,143.565,NA,155,0.856928917215199,NA,"Luo, 1996",24025
"484","484","141",44.1,130.2,1.4,767.9,96.355,122.575,NA,158,0.786090148888436,NA,"Luo, 1996",24964
"485","485","295",51.4,125.2,-3.9,483.9,71.535,95.48,NA,104,0.749214495182237,NA,"Luo, 1996",10816
"486","486","422",49.5,128.4,-0.7,371.7,49.78,67.085,NA,85,0.742043675933517,NA,"Luo, 1996",7225
"487","487","79",42.2,127.3,1.9,875.3,110.185,119.96,NA,195,0.918514504834945,NA,"Luo, 1996",38025
"488","488","79",42.75,128.27,2.1,832.2,112.99,123.045,NA,160,0.918281929375432,NA,"Luo, 1996",25600
"489","489","79",42.4,128.1,2.5,853.6,109.74,120.235,NA,177,0.912712604482887,NA,"Luo, 1996",31329
"490","490","108",52.5,124.5,-5,554.4,24.955,27.29,NA,100,0.914437522902162,NA,"Luo, 1996",10000
"491","491","108",52.2,120.8,-4.8,531.5,56.91,69.1,NA,171,0.823589001447178,NA,"Luo, 1996",29241
"492","492","123",50.8,121.5,-3.6,451.8,61.92,83.345,NA,136,0.742935988961545,NA,"Luo, 1996",18496
"493","493","184",50.4,124,-3.1,433.5,47.01,63.265,NA,136,0.743064885797834,NA,"Luo, 1996",18496
"494","494","336",30.9,102.4,4,775.2,55.845,72.88,NA,193,0.766259604829857,NA,"Luo, 1996",37249
"495","495","419",30.9,102.3,4.2,766.4,67.325,79.69,NA,164,0.844836240431673,NA,"Luo, 1996",26896
"496","496","27",43.8,93,-0.7,683.6,54.22,75.335,NA,132,0.719718590296675,NA,"Luo, 1996",17424
"497","497","34",48,86.9,-3.5,862.9,101.385,134.665,NA,172,0.752868228567185,NA,"Luo, 1996",29584
"498","498","34",47.7,86.9,-2.1,672.3,141.025,184.625,NA,177,0.763845633039946,NA,"Luo, 1996",31329
"499","499","131",47.8,88.7,-3.9,774,71.85,97.055,NA,107,0.740301890680542,NA,"Luo, 1996",11449
"500","500","134",47,89.4,-2.6,581.5,147.185,193.185,NA,157,0.761886274814297,NA,"Luo, 1996",24649
"501","501","134",47.1,89.3,-3.4,624.7,101.635,134.545,NA,156,0.75539782228994,NA,"Luo, 1996",24336
"502","502","153",42.8,93.1,-0.8,515.9,116.82,153.18,NA,139,0.762632197414806,NA,"Luo, 1996",19321
"503","503","109",28.62,99.22,3.2,1274.1,57.14,76.015,NA,100,0.75169374465566,NA,"Luo, 1996",10000
"504","504","191",29,101.5,4.8,771.7,100.015,131.65,NA,134,0.759703759969616,NA,"Luo, 1996",17956
"505","505","291",27.9,101.2,5.6,797,121.555,160.66,NA,232,0.756597784140421,NA,"Luo, 1996",53824
"506","506","448",28.6,97.4,8.7,800,92.81,127.715,NA,105,0.726696159417453,NA,"Luo, 1996",11025
"507","507","39",29.7,96.1,6.4,850,92.245,124.03,NA,87,0.743731355317262,NA,"Luo, 1996",7569
"508","508","39",29.8,95.7,7.7,850,84.435,114.335,NA,90,0.738487777146106,NA,"Luo, 1996",8100
"509","509","442",27.9,85.9,13.4,1000,57.475,79.83,NA,95,0.71996743079043,NA,"Luo, 1996",9025
"510","510","229",27.9,91.9,9.1,620.7,105.435,145.76,NA,127,0.723346597145993,NA,"Luo, 1996",16129
"511","511","445",27.7,99.7,7.2,1069.9,90.51,119.235,NA,83,0.759089193609259,NA,"Luo, 1996",6889
"512","512","326",26.2,110.2,15.2,1806.5,175.855,207.405,NA,111,0.847882162917963,NA,"Luo, 1996",12321
"513","513","147",26.83,109.75,18.1,1383.4,138.655,174.18,NA,80,0.796044321965782,NA,"Luo, 1996",6400
"514","514","188",24.7,111.55,16.2,2049.7,163.935,191.195,NA,90,0.857423049765946,NA,"Luo, 1996",8100
"515","515","256",24.9,111.7,18.7,1696.9,285.055,328.65,NA,124,0.867351285562148,NA,"Luo, 1996",15376
"516","516","220",28.3,103.4,12.8,993.9,78.675,111.105,NA,105,0.708113946267045,NA,"Luo, 1996",11025
"517","517","85",28.6,97.4,14.4,800,121.52,132.385,NA,100,0.917928768364996,NA,"Luo, 1996",10000
"518","518","412",27.97,98.96,7.3,1302.3,80.22,107.31,NA,100,0.747553816046967,NA,"Luo, 1996",10000
"519","519","412",27.53,99.32,9.9,1157.3,112.07,153.93,NA,100,0.728058208276489,NA,"Luo, 1996",10000
"520","520","431",24.53,101,12.2,1171.6,170.86,245.585,NA,100,0.695726530529145,NA,"Luo, 1996",10000
"521","521","102",25.43,99.68,11.6,1150.8,159.045,214.545,NA,90,0.74131301125638,NA,"Luo, 1996",8100
"522","522","109",28.18,98.9,7.4,1364.9,92.09,123.99,NA,150,0.742721187192516,NA,"Luo, 1996",22500
"523","523","125",26.08,99.56,9.2,1125.2,66.525,89.42,NA,85,0.743961082531872,NA,"Luo, 1996",7225
"524","524","164",26.37,100.1,7.6,1019.8,99,133.1,NA,85,0.743801652892562,NA,"Luo, 1996",7225
"525","525","168",26.45,101.19,13.5,792.7,91.705,118.545,NA,85,0.773588088911384,NA,"Luo, 1996",7225
"526","526","185",26.23,99.56,10.1,1086.4,98.34,128.67,NA,85,0.764280718116111,NA,"Luo, 1996",7225
"527","527","230",27.02,100.35,9.8,917.5,84.085,110.58,NA,120,0.760399710616748,NA,"Luo, 1996",14400
"528","528","230",27.17,99.44,9.9,1094,187.915,250.28,NA,100,0.750819082627457,NA,"Luo, 1996",10000
"529","529","230",27.38,99.44,9.6,1110.3,47.88,64.585,NA,85,0.741348610358442,NA,"Luo, 1996",7225
"530","530","230",27.17,100.23,8.1,943.4,92.23,125.28,NA,120,0.736190932311622,NA,"Luo, 1996",14400
"531","531","300",27.17,100.72,9.4,870.5,66.995,85.625,NA,100,0.782423357664233,NA,"Luo, 1996",10000
"532","532","300",26.73,100.89,7.9,876.1,78.75,104.87,NA,90,0.750929722513588,NA,"Luo, 1996",8100
"533","533","160",29.3,110.1,12.8,1461,83.02,97.575,NA,130,0.85083269280041,NA,"Luo, 1996",16900
"534","534","359",33,108.2,8.8,811.1,68.15,83.4,NA,95,0.817146282973621,NA,"Luo, 1996",9025
"535","535","354",28.7,96.7,13.5,800,141.805,186.06,NA,93,0.762146619370096,NA,"Luo, 1996",8649
"536","536","445",27.7,99.7,10.7,1096.3,110.76,148.98,NA,101,0.743455497382199,NA,"Luo, 1996",10201
"537","537","15",31.2,98.8,5.9,555,55.41,64.63,NA,214,0.857341791737583,NA,"Luo, 1996",45796
"538","538","435",28.5,102.1,7.9,859,120.28,132.125,NA,220,0.91035004730369,NA,"Luo, 1996",48400
"539","539","104",33.59,103.57,3.4,796.4,48.16,54.94,NA,86,0.87659264652348,NA,"Luo, 1996",7396
"540","540","29",33.45,103.39,2.7,781.5,102.025,115.84,NA,130,0.88074067679558,NA,"Luo, 1996",16900
"541","541","336",30.9,102.4,5.5,781.5,83.39,92.365,NA,199,0.902831158988795,NA,"Luo, 1996",39601
"542","542","39",30.1,95,11.2,582.3,114.94,138.135,NA,108,0.832084554964347,NA,"Luo, 1996",11664
"543","543","189",28.9,85.2,7,369.6,48.485,58.685,NA,163,0.826190679049161,NA,"Luo, 1996",26569
"544","544","423",30.3,108.9,12.6,1242.3,136.465,164.88,NA,80,0.827662542455119,NA,"Luo, 1996",6400
"545","545","281",29.2,94.1,7.3,608.5,54.935,62.56,NA,80,0.878117007672634,NA,"Luo, 1996",6400
"546","546","217",29,93.1,5.7,591.3,58.625,66.95,NA,108,0.875653472740851,NA,"Luo, 1996",11664
"547","547","243",28.4,92.3,9.7,603.2,42.555,48.48,NA,90,0.877784653465346,NA,"Luo, 1996",8100
"548","548","341",28.7,96.7,8.7,712.5,56.24,65.365,NA,80,0.860399296259466,NA,"Luo, 1996",6400
"549","549","111",27.9,101.2,9.5,823.4,56.795,62.395,NA,93,0.910249218687395,NA,"Luo, 1996",8649
"550","550","230",27.32,99.57,9,1075.1,119.165,125.95,NA,110,0.946129416435093,NA,"Luo, 1996",12100
"551","551","300",27.1,100.59,11.1,880.1,195.76,209.13,NA,140,0.936068474154832,NA,"Luo, 1996",19600
"552","552","300",27.75,100.54,7.5,914.8,62.415,69.15,NA,150,0.902603036876356,NA,"Luo, 1996",22500
"553","553","300",27.67,100.66,7.6,892.2,46.81,52.03,NA,100,0.899673265423794,NA,"Luo, 1996",10000
"554","554","300",27.82,100.6,9,925.7,49.775,56.14,NA,150,0.886622728892056,NA,"Luo, 1996",22500
"555","555","438",26.45,100.89,10,871.8,147.34,156.54,NA,100,0.941229078829692,NA,"Luo, 1996",10000
"556","556","438",26.45,100.76,10.5,876.5,50.835,56.325,NA,80,0.902529960053262,NA,"Luo, 1996",6400
"557","557","439",26.3,99.32,10.3,1128.4,86.48,91.83,NA,120,0.941740172057062,NA,"Luo, 1996",14400
"558","558","439",26.15,99.08,11.4,1174.2,97.595,104.925,NA,110,0.930140576602335,NA,"Luo, 1996",12100
"559","559","447",44.5,130.2,2.1,730.3,77.895,120.38,NA,238,0.647075926233594,NA,"Luo, 1996",56644
"560","560","100",44.3,128.5,3.4,684.9,62.14,97.66,NA,173,0.636289166496007,NA,"Luo, 1996",29929
"561","561","100",44.3,129.4,2.7,717.5,84.26,124.06,NA,227,0.67918748992423,NA,"Luo, 1996",51529
"562","562","128",48.1,129.3,0.6,490,75.455,118.515,NA,185,0.63667046365439,NA,"Luo, 1996",34225
"563","563","20",42.42,128.2,3.6,824.7,115.45,136.645,NA,150,0.844890043543489,NA,"Luo, 1996",22500
"564","564","23",42.5,128.33,3,837.8,109.97,132.575,NA,166,0.829492739958514,NA,"Luo, 1996",27556
"565","565","335",43.3,128.2,2.7,765.8,97.57,130.215,NA,145,0.749299235879123,NA,"Luo, 1996",21025
"566","566","252",42.3,127.2,4,797.7,60.575,91.175,NA,146,0.664381683575542,NA,"Luo, 1996",21316
"567","567","80",42.4,128.1,3.5,826.6,93.15,117.175,NA,110,0.794964796244933,NA,"Luo, 1996",12100
"568","568","329",40.5,123.2,5.9,802.8,57.2,63.81,NA,95,0.896411220811785,NA,"Luo, 1996",9025
"569","569","216",34,107.3,9.6,656.6,109.4,139.375,NA,86,0.784932735426009,NA,"Luo, 1996",7396
"570","570","403",46.8,134,1.7,714.7,56.62,68.19,NA,103,0.830327027423376,NA,"Luo, 1996",10609
"571","571","79",42.4,128.1,4.1,810.2,82.37,98.66,NA,140,0.834887492398135,NA,"Luo, 1996",19600
"572","572","79",40.7,127.5,4.2,961.9,99.4,119.6,NA,157,0.831103678929766,NA,"Luo, 1996",24649
"573","573","335",43.3,128.2,3,761.3,79.575,97.6,NA,156,0.81531762295082,NA,"Luo, 1996",24336
"574","574","235",41.8,126.9,4,840.4,68.31,79.365,NA,125,0.860706860706861,NA,"Luo, 1996",15625
"575","575","290",44.5,130.2,1.8,732.2,42.97,55.11,NA,102,0.779713300671384,NA,"Luo, 1996",10404
"576","576","404",43.3,129.7,3.7,785.2,69.7,87.145,NA,101,0.799816397957427,NA,"Luo, 1996",10201
"577","577","184",50.4,124,-2.4,410.3,26.055,35.2,NA,97,0.740198863636364,NA,"Luo, 1996",9409
"578","578","355",37.7,111.48,8.1,481.7,43.815,51.075,NA,88,0.857856093979442,NA,"Luo, 1996",7744
"579","579","355",36.75,112.48,5.9,634.7,39.05,45.805,NA,81,0.852527016701233,NA,"Luo, 1996",6561
"580","580","104",33.2,104.2,8.2,869.8,52.04,58.975,NA,80,0.882407799915218,NA,"Luo, 1996",6400
"581","581","267",32.6,103,7.1,778.7,65.53,73.17,NA,120,0.895585622522892,NA,"Luo, 1996",14400
"582","582","403",46.8,134,1.9,719.4,55.125,77.835,NA,81,0.708228945846984,NA,"Luo, 1996",6561
"583","583","79",41.8,126.9,3.3,863.4,72.06,103.01,NA,83,0.699543733618095,NA,"Luo, 1996",6889
"584","584","361",32.98,104.19,4.1,891.5,48.445,63.23,NA,83,0.766171121303179,NA,"Luo, 1996",6889
"585","585","239",31.4,103.1,7.8,834.6,92.2,119.955,NA,94,0.768621566420741,NA,"Luo, 1996",8836
"586","586","104",33.53,104.91,3.6,963,46.51,61.175,NA,98,0.760277891295464,NA,"Luo, 1996",9604
"587","587","104",33.57,103.69,3.9,810.7,61.72,82.895,NA,110,0.744556366487725,NA,"Luo, 1996",12100
"588","588","415",30.9,103.1,9.9,857.6,45.51,58.695,NA,82,0.775364170713008,NA,"Luo, 1996",6724
"589","589","293",28.7,96.7,12.1,712.9,59.495,84.14,NA,81,0.707095317328262,NA,"Luo, 1996",6561
"590","590","412",27.1,107.8,4.9,1188.7,120.075,157.81,NA,222,0.76088334072619,NA,"Luo, 1996",49284
"591","591","81",42.4022,128.098889,1.8,750,53.5677070999536,NA,NA,80,NA,NA,"Luo, 1996",6400
"592","592","2",64.21,19.5,1,588,74.3,97,NA,180,0.765979381443299,NA,"Luyssaert et al., 2007",32400
"594","594","7",44.2479,-122.2008,6.305,1100,435.29,577.35,NA,552,0.753944747553477,NA,"Luyssaert et al., 2007",304704
"595","595","8",44.2334,-122.1731,6.305,1100,367.76,488.79,NA,795,0.752388551320608,NA,"Luyssaert et al., 2007",632025
"596","596","9",44.2587,-122.1818,5.81,1350,468.55,621.52,NA,629,0.753877590423478,NA,"Luyssaert et al., 2007",395641
"597","597","10",44.2705,-122.2173,5.81,1350,167.72,217.96,NA,142,0.769498990640484,NA,"Luyssaert et al., 2007",20164
"598","598","11",44.2699,-122.2265,5.81,1350,386.91,503.97,NA,146,0.767724269301744,NA,"Luyssaert et al., 2007",21316
"599","599","12",44.2626,-122.1944,5.81,1350,319.49,417.81,NA,166,0.764677724324454,NA,"Luyssaert et al., 2007",27556
"600","600","13",44.25,-122.33,8.5,2250,362.39,401.16,NA,450,0.903355269717818,NA,"Luyssaert et al., 2007",202500
"601","601","16",35.33,135.75,11.3000001907349,2788,137.43,158.67,NA,150,0.866137266023823,NA,"Luyssaert et al., 2007",22500
"602","602","17",48.2,7.18,5.40000009536743,1192,123.3,150,NA,161,0.822,NA,"Luyssaert et al., 2007",25921
"603","603","18",48.2,7.18,5.40000009536743,1192,125.6,147,NA,92,0.854421768707483,NA,"Luyssaert et al., 2007",8464
"604","604","30",44.06,-71.29,6.93333339691162,1270,107.3,127.1,NA,80,0.844217151848938,NA,"Luyssaert et al., 2007",6400
"605","605","36",43.7062,-122.9356,9.14,1590,652.73,NA,NA,171,NA,NA,"Luyssaert et al., 2007",29241
"606","606","41",64.75,-148.25,-3.5,269,63.665,73.635,NA,100,0.864602430909214,NA,"Luyssaert et al., 2007",10000
"607","607","42",64.75,-148.25,-3.5,269,70.49,79.65,NA,250,0.884996861268048,NA,"Luyssaert et al., 2007",62500
"608","608","43",64.75,-148.25,-3.5,269,14.95,19.715,NA,250,0.758305858483388,NA,"Luyssaert et al., 2007",62500
"609","609","44",64.75,-148.25,-3.5,269,78.365,88.59,NA,80,0.884580652443842,NA,"Luyssaert et al., 2007",6400
"610","610","45",64.75,-148.25,-3.5,269,70.275,76.815,NA,155,0.91486037883226,NA,"Luyssaert et al., 2007",24025
"611","611","46",54.1,10.23,8.89999961853027,772,151,NA,NA,110,NA,NA,"Luyssaert et al., 2007",12100
"612","612","49",44.7723,-121.9007,6.305,1800,211.6,NA,NA,300,NA,NA,"Luyssaert et al., 2007",90000
"619","619","63",45.0679,-123.8882,9.86,2500,451.16,585.29,NA,185,0.770831553588819,NA,"Luyssaert et al., 2007",34225
"620","620","64",45.0819,-123.9038,9.86,2500,562.9,744.53,NA,168,0.756047439324137,NA,"Luyssaert et al., 2007",28224
"621","621","65",45.0445,-123.9007,9.86,2500,538.34,674.3,NA,178,0.79836867862969,NA,"Luyssaert et al., 2007",31684
"622","622","75",19.5,-105.02,24.8999996185303,707,40,NA,NA,100,NA,NA,"Luyssaert et al., 2007",10000
"623","623","76",19.5,-105.02,24.9499998092651,743.5,40.4,55.28,NA,100,0.73082489146165,NA,"Luyssaert et al., 2007",10000
"624","624","77",19.5,-105.02,24.8999996185303,707,40,NA,NA,100,NA,NA,"Luyssaert et al., 2007",10000
"625","625","89",49.69,-74.34,-0.5,1007.5,45,61,NA,95,0.737704918032787,NA,"Luyssaert et al., 2007",9025
"626","626","93",41.85,13.59,7.4870587236741,1168.66666666667,113.14,147.71,NA,102.25,0.765960327669081,NA,"Luyssaert et al., 2007",10455.0625
"627","627","97",50.15,11.87,4.5,1000,124.42,NA,NA,148,NA,NA,"Luyssaert et al., 2007",21904
"628","628","110",2.5,-60,26.195,2620,178,NA,NA,100,NA,NA,"Luyssaert et al., 2007",10000
"629","629","124",43.4949,-122.1896,6.35,980,403.24,NA,NA,118,NA,NA,"Luyssaert et al., 2007",13924
"630","630","129",39.9,-105.87,2.89999997615814,740,78.97,91.35,NA,245,0.86447728516694,NA,"Luyssaert et al., 2007",60025
"631","631","137",50.15,11.87,4.5,1000,139.71,NA,NA,114,NA,NA,"Luyssaert et al., 2007",12996
"632","632","144",42.4725,-123.2665,10.22,1390,396.55,NA,NA,307,NA,NA,"Luyssaert et al., 2007",94249
"633","633","146",55.96,12.25,7.5,632,158.6,194,NA,118,0.817525773195876,NA,"Luyssaert et al., 2007",13924
"634","634","151",5.28,-52.91,25.75,2914,218.375,NA,NA,100,NA,NA,"Luyssaert et al., 2007",10000
"635","635","152",51.08,10.45,8.09166673819224,794.916666666667,204.76,239.17,NA,270,0.856127440732533,NA,"Luyssaert et al., 2007",72900
"636","636","155",19.75,-155.25,19.2999992370605,5800,61.5,NA,NA,100,NA,NA,"Luyssaert et al., 2007",10000
"637","637","156",19.75,-155.25,13,2600,40.5,NA,NA,100,NA,NA,"Luyssaert et al., 2007",10000
"638","638","162",44.4758,-123.8605,10.265,2330,237.82,NA,NA,85,NA,NA,"Luyssaert et al., 2007",7225
"639","639","163",44.3983,-123.7938,10.265,2330,332.64,NA,NA,105,NA,NA,"Luyssaert et al., 2007",11025
"640","640","165",56.3,10.48,7.09999990463257,660,103.99,124.3,NA,85,0.836604987932422,NA,"Luyssaert et al., 2007",7225
"641","641","169",44,-71.5,6,1325,62.42,75.8,NA,110,0.823482849604222,NA,"Luyssaert et al., 2007",12100
"642","642","174",62.85,30.97,2,662,50.32,73.37,NA,100,0.685838898732452,NA,"Luyssaert et al., 2007",10000
"643","643","177",53,103,1.29999995231628,471,86.56,118.71,NA,95,0.729171931598012,NA,"Luyssaert et al., 2007",9025
"644","644","178",50.1,20.37,7.80000019073486,729,114.35,137.86,NA,100,0.829464674307268,NA,"Luyssaert et al., 2007",10000
"645","645","180",60.82,16.5,5.30000019073486,607,29.92,39.96,NA,120,0.748748748748749,NA,"Luyssaert et al., 2007",14400
"646","646","181",60.82,16.5,5.30000019073486,663.5,31.47,34.27,NA,125,0.91829588561424,NA,"Luyssaert et al., 2007",15625
"647","647","197",62,34,2.20000004768372,650,67.77,83.37,NA,82,0.812882331774019,NA,"Luyssaert et al., 2007",6724
"648","648","198",62,34,2.20000004768372,650,87.09,106.36,NA,98,0.818822865739,NA,"Luyssaert et al., 2007",9604
"649","649","199",62,34,2.20000004768372,650,90.38,111.53,NA,109,0.810364924235632,NA,"Luyssaert et al., 2007",11881
"650","650","200",62,34,2.20000004768372,650,98.09,119.71,NA,126,0.819396875783143,NA,"Luyssaert et al., 2007",15876
"651","651","201",62,34,2.20000004768372,650,94.24,116.57,NA,138,0.808441279917646,NA,"Luyssaert et al., 2007",19044
"652","652","205",20.05,-155.9,16,2500,72.5,NA,NA,100,NA,NA,"Luyssaert et al., 2007",10000
"653","653","206",64.67,47.5,-1.20000004768372,499,62.43,81.56,NA,125,0.765448749386954,NA,"Luyssaert et al., 2007",15625
"654","654","208",22.05,-159.5,16,2500,103,NA,NA,100,NA,NA,"Luyssaert et al., 2007",10000
"655","655","212",66.37,29.33,0,500,48.93,66.59,NA,260,0.734795014266406,NA,"Luyssaert et al., 2007",67600
"656","656","215",55.75,13.92,6,900,106.22,123.42,NA,100,0.860638470264139,NA,"Luyssaert et al., 2007",10000
"657","657","219",51.33,10.36,6.5,775,133.44,155.17,NA,153,0.859960043822904,NA,"Luyssaert et al., 2007",23409
"658","658","221",51.33,10.36,7.63333336512248,758.333333333333,200.79,235.12,NA,111,0.853989452194624,NA,"Luyssaert et al., 2007",12321
"659","659","301",43.03,-89.4,6.90000009536743,777,125,156.03,NA,130,0.801127988207396,NA,"Luyssaert et al., 2007",16900
"660","660","305",60.09,17.48,6.15454548055475,560.166666666667,112.725,141.515,NA,102.5,0.796558668692365,NA,"Luyssaert et al., 2007",10506.25
"661","661","317",55.7,13.63,7,650,148.05,168.45,NA,100,0.878895814781835,NA,"Luyssaert et al., 2007",10000
"662","662","319",-2.98,-47.52,24.1000003814697,1750,62.5,NA,NA,100,NA,NA,"Luyssaert et al., 2007",10000
"663","663","320",2.98,102.3,25.6499996185303,1888.5,195.27,NA,NA,100,NA,NA,"Luyssaert et al., 2007",10000
"664","664","327",53.92,-104.68,1.10000002384186,359.333333333333,47.8466666666667,62.7833333333333,NA,106.666666666667,0.762091850278736,NA,"Luyssaert et al., 2007",11377.7777777778
"665","665","328",21.15,-156.8,21.38,2500,68.5,NA,NA,100,NA,NA,"Luyssaert et al., 2007",10000
"666","666","344",1.93,-67.05,26,3402.66666666667,129.36,155.2,NA,165,0.833505154639175,NA,"Luyssaert et al., 2007",27225
"667","667","351",50.06,11.83,5.5,890,130.8,158,NA,120,0.827848101265823,NA,"Luyssaert et al., 2007",14400
"668","668","358",36.67,138.5,4.19999980926514,1455,90.48,120.61,NA,290,0.750186551695548,NA,"Luyssaert et al., 2007",84100
"669","669","362",51.82,9.58,6.34999990463257,1054,129.25,146.69,NA,116,0.88110982343718,NA,"Luyssaert et al., 2007",13456
"670","670","370",46.24,-89.34,3.90000009536743,771,126.98,133.99,NA,350,0.94768266288529,NA,"Luyssaert et al., 2007",122500
"671","671","380",50.96,13.57,8.30714287076678,807.111111111111,126.325,168.125,NA,107,0.751375464684015,NA,"Luyssaert et al., 2007",11449
"672","672","381",50.93,13.46,7.5,820,110.74,147.99,NA,97,0.748293803635381,NA,"Luyssaert et al., 2007",9409
"673","673","383",55.9,-98.47,-0.199999988079071,352,57.21,77.93,NA,151.666666666667,0.734120364429616,NA,"Luyssaert et al., 2007",23002.7777777778
"676","676","388",58,83,1.20000004768372,520,163.39,189.82,NA,122,0.860762827942261,NA,"Luyssaert et al., 2007",14884
"677","677","389",58,83,1.20000004768372,520,79.24,98.4,NA,80,0.805284552845528,NA,"Luyssaert et al., 2007",6400
"679","679","396",50.07,4.35,8.5,952,56.87,73.32,NA,80,0.775641025641026,NA,"Luyssaert et al., 2007",6400
"680","680","400",50.2,11.88,5.5,890,115.1,152,NA,142,0.757236842105263,NA,"Luyssaert et al., 2007",20164
"681","681","413",50.45,11.45,5.5,950,137.33,172.96,NA,116,0.79399861239593,NA,"Luyssaert et al., 2007",13456
"682","682","436",60.72,89.13,-4.89999997615814,542,76.525,91.355,NA,207.5,0.83766624705818,NA,"Luyssaert et al., 2007",43056.25
"683","683","440",33.33,133,13.6000003814697,2748,266.45,344.27,NA,443,0.773956487640515,NA,"Luyssaert et al., 2007",196249
"684","684","441",33.33,133,13.6000003814697,2748,235.71,304.17,NA,145,0.774928493934313,NA,"Luyssaert et al., 2007",21025
"685","685","236",55.73,13.3,7,644,94.47,112.8,NA,190,0.8375,NA,"Luyssaert et al., 2007",36100
"686","686","244",52.17,5.74,10.1199999809265,902.777777777778,42.6,49.49,NA,88,0.860779955546575,NA,"Luyssaert et al., 2007",7744
"687","687","245",45.8344,-122.0899,8.195,2930,343.5,NA,NA,111,NA,NA,"Luyssaert et al., 2007",12321
"688","688","246",45.8464,-122.1093,8.195,2930,444.45,NA,NA,85,NA,NA,"Luyssaert et al., 2007",7225
"689","689","249",-11.48,27.6,20.2999992370605,1273,79.69,91.66,NA,120,0.869408684267947,NA,"Luyssaert et al., 2007",14400
"693","693","271",54.21,-2.89,7.80000019073486,1115,60.36,95.71,NA,80,0.630655103959879,NA,"Luyssaert et al., 2007",6400
"694","694","274",44.42,-121.67,8.14999993642171,482.125,108.88,147.17,NA,148,0.739824692532446,NA,"Luyssaert et al., 2007",21904
"695","695","275",44.4982,-121.6249,8.42,630,122.26,162.17,NA,190,0.753900228155639,NA,"Luyssaert et al., 2007",36100
"696","696","276",44.4222,-121.6066,8.42,630,156.96,205.33,NA,316,0.764427993960941,NA,"Luyssaert et al., 2007",99856
"697","697","277",44.4513,-121.5575,8.42,630,68.96,92.08,NA,88,0.748913987836664,NA,"Luyssaert et al., 2007",7744
"698","698","278",44.434,-121.6701,8.42,630,107.99,142.88,NA,106,0.755809070548712,NA,"Luyssaert et al., 2007",11236
"699","699","279",44.4526,-121.6691,8.42,630,54.46,70.49,NA,93,0.772591857000993,NA,"Luyssaert et al., 2007",8649
"700","700","280",44.4634,-121.6634,8.42,630,142.29,188.91,NA,96,0.753215817055741,NA,"Luyssaert et al., 2007",9216
"702","702","287",44.6882,-121.865,5.81,1350,309.51,NA,NA,262,NA,NA,"Luyssaert et al., 2007",68644
"703","703","288",44.6958,-121.8698,5.81,1350,275.64,NA,NA,304,NA,NA,"Luyssaert et al., 2007",92416
"706","706","262",51.07,121.27,-6.6,504,44.3,61.3,NA,114,0.722675367047308,NA,"Our work_T15",12996
"707","707","133",42.4666666666667,127.633333333333,1.68,816.84,131,149,NA,250,0.879194630872483,NA,"Our work_T55",62500
"708","708","285",52.47,122.53,-4.8,468,28.1,38.8,NA,125,0.724226804123711,NA,"Our work_T7",15625
"735","735","429",52.5,124.5,-3,500,22,27.285,NA,100,0.806303829943192,NA,"Zhou et al., 2002",10000
"736","736","166",48.2579413955348,120.036106109619,-2,458.7,46.0491183104977,NA,NA,81,NA,NA,"Zhu et al., 2005",6561
"737","737","166",48.2579413955348,120.036106109619,-2,458.7,55.3466956696452,NA,NA,86,NA,NA,"Zhu et al., 2005",7396
"741","741","6",54.17,-116.77,2.6,579,138.22,NA,NA,149,NA,NA,"Ma et al., 2012",22201
"742","742","6",55.33,-111.84,0.2,475,127.11,NA,NA,99,NA,NA,"Ma et al., 2012",9801
"743","743","6",49.38,-114.39,2.5,669,88.55,NA,NA,123,NA,NA,"Ma et al., 2012",15129
"744","744","6",49.34,-114.15,1.5,648,182.92,NA,NA,105,NA,NA,"Ma et al., 2012",11025
"745","745","6",50.18,-114.47,0,631,152.72,NA,NA,136,NA,NA,"Ma et al., 2012",18496
"746","746","6",50.27,-114.59,0.8,626,141.29,NA,NA,117,NA,NA,"Ma et al., 2012",13689
"747","747","6",50.26,-114.6,0.2,635,128.03,NA,NA,138,NA,NA,"Ma et al., 2012",19044
"748","748","6",50.25,-114.6,0.2,636,120.86,NA,NA,136,NA,NA,"Ma et al., 2012",18496
"749","749","6",50.22,-114.59,-0.1,646,213.74,NA,NA,168,NA,NA,"Ma et al., 2012",28224
"750","750","6",50.25,-114.59,0.2,638,120.54,NA,NA,130,NA,NA,"Ma et al., 2012",16900
"751","751","6",50.29,-114.57,0.8,622,119.02,NA,NA,152,NA,NA,"Ma et al., 2012",23104
"752","752","6",51.45,-115.05,0.4,555,154.1,NA,NA,119,NA,NA,"Ma et al., 2012",14161
"753","753","6",52.4,-115.67,0.8,569,95.87,NA,NA,125,NA,NA,"Ma et al., 2012",15625
"754","754","6",54.51,-117.62,2.2,597,210.25,NA,NA,163,NA,NA,"Ma et al., 2012",26569
"755","755","6",56.79,-118.59,-0.6,456,182.22,NA,NA,164,NA,NA,"Ma et al., 2012",26896
"756","756","6",56.55,-119.31,-0.1,439,131.41,NA,NA,123,NA,NA,"Ma et al., 2012",15129
"757","757","6",57.13,-118.33,-0.9,450,171.75,NA,NA,197,NA,NA,"Ma et al., 2012",38809
"758","758","6",55.51,-114.25,-0.9,524,125.4,NA,NA,190,NA,NA,"Ma et al., 2012",36100
"759","759","6",50.14,-114.51,-0.7,652,175.39,NA,NA,194,NA,NA,"Ma et al., 2012",37636
"760","760","6",50.15,-114.5,-0.5,646,168.83,NA,NA,221,NA,NA,"Ma et al., 2012",48841
"761","761","6",50.16,-114.51,-1.2,651,168.66,NA,NA,226,NA,NA,"Ma et al., 2012",51076
"762","762","6",50.16,-114.5,-1,649,159.11,NA,NA,225,NA,NA,"Ma et al., 2012",50625
"763","763","6",50.2,-114.55,-0.6,649,163.25,NA,NA,230,NA,NA,"Ma et al., 2012",52900
"764","764","6",50.19,-114.55,-0.9,652,201.87,NA,NA,172,NA,NA,"Ma et al., 2012",29584
"765","765","6",53.03,-115.25,1.8,543,224.99,NA,NA,158,NA,NA,"Ma et al., 2012",24964
"766","766","6",53.28,-115.45,1.6,559,170,NA,NA,176,NA,NA,"Ma et al., 2012",30976
"767","767","6",55.14,-114.82,-1.1,551,210.59,NA,NA,189,NA,NA,"Ma et al., 2012",35721
"768","768","348",54.09,-105.7,-0.3,465,188.08,NA,NA,118,NA,NA,"Ma et al., 2012",13924
"769","769","348",53.8,-105.38,-0.3,459,126.66,NA,NA,130,NA,NA,"Ma et al., 2012",16900
"770","770","348",54.52,-107.27,0,449,195.37,NA,NA,122,NA,NA,"Ma et al., 2012",14884
"771","771","348",54.12,-105.95,-0.4,468,94.93,NA,NA,109,NA,NA,"Ma et al., 2012",11881
"772","772","348",54.48,-104.27,-1.1,503,85.26,NA,NA,158,NA,NA,"Ma et al., 2012",24964
"773","773","348",54.46,-105.24,-0.8,491,120.29,NA,NA,104,NA,NA,"Ma et al., 2012",10816
"774","774","348",55.97,-107.73,-0.8,446,180.86,NA,NA,115,NA,NA,"Ma et al., 2012",13225
"775","775","348",54.79,-107.88,0.1,447,165.22,NA,NA,117,NA,NA,"Ma et al., 2012",13689
"776","776","348",55.07,-107.27,-0.3,455,171.17,NA,NA,126,NA,NA,"Ma et al., 2012",15876
"777","777","348",55.09,-108.86,-0.3,456,168.58,NA,NA,137,NA,NA,"Ma et al., 2012",18769
"778","778","348",55.36,-104.92,-1.1,502,154.29,NA,NA,104,NA,NA,"Ma et al., 2012",10816
"779","779","348",54.05,-105.48,-0.6,475,195.73,NA,NA,102,NA,NA,"Ma et al., 2012",10404
"780","780","348",54.44,-105.26,-0.8,490,185.16,NA,NA,147,NA,NA,"Ma et al., 2012",21609
"781","781","348",54.45,-105.24,-0.8,492,173.37,NA,NA,114,NA,NA,"Ma et al., 2012",12996
"782","782","348",54.97,-108.26,0,450,182.23,NA,NA,124,NA,NA,"Ma et al., 2012",15376
"783","783","348",54.97,-108.42,-0.2,454,206.72,NA,NA,179,NA,NA,"Ma et al., 2012",32041
"784","784","348",54.79,-107.88,0.1,447,142.09,NA,NA,147,NA,NA,"Ma et al., 2012",21609
"785","785","348",55.09,-108.86,-0.3,456,193.96,NA,NA,132,NA,NA,"Ma et al., 2012",17424
"786","786","348",53.62,-108.35,-0.3,450,220.87,NA,NA,139,NA,NA,"Ma et al., 2012",19321
"787","787","348",54.48,-107.07,-0.1,454,196.86,NA,NA,131,NA,NA,"Ma et al., 2012",17161
"788","788","348",53.13,-102.68,-1,496,194.06,NA,NA,157,NA,NA,"Ma et al., 2012",24649
"789","789","348",53.03,-102.64,-0.7,489,189.93,NA,NA,111,NA,NA,"Ma et al., 2012",12321
"790","790","348",54.54,-106.47,-0.9,484,223.53,NA,NA,116,NA,NA,"Ma et al., 2012",13456
"791","791","348",54.54,-106.47,-0.9,484,172.88,NA,NA,109,NA,NA,"Ma et al., 2012",11881
"792","792","348",53.62,-108.35,-0.3,450,213.06,NA,NA,127,NA,NA,"Ma et al., 2012",16129
"793","793","348",54.23,-107.77,0.4,442,110.21,NA,NA,112,NA,NA,"Ma et al., 2012",12544
"794","794","348",53.97,-105.72,-0.3,461,184.41,NA,NA,142,NA,NA,"Ma et al., 2012",20164
"795","795","264",51.59,-100.86,0.1,506,90.78,NA,NA,131,NA,NA,"Ma et al., 2012",17161
"796","796","264",49.69,-96.14,2,523,225.34,NA,NA,100,NA,NA,"Ma et al., 2012",10000
"797","797","264",49.28,-96.04,1.7,537,204.62,NA,NA,100,NA,NA,"Ma et al., 2012",10000
"798","798","264",50.02,-95.52,1.9,545,164.64,NA,NA,122,NA,NA,"Ma et al., 2012",14884
"799","799","264",51.66,-95.79,0.4,550,107.95,NA,NA,103,NA,NA,"Ma et al., 2012",10609
"800","800","264",51.06,-95.82,1.4,543,105.24,NA,NA,170,NA,NA,"Ma et al., 2012",28900
"801","801","264",51.02,-95.47,1,562,74.64,NA,NA,172,NA,NA,"Ma et al., 2012",29584
"802","802","264",51.73,-97.4,0.1,497,122.2,NA,NA,95,NA,NA,"Ma et al., 2012",9025
"803","803","264",51.75,-97.38,0,498,143.64,NA,NA,93,NA,NA,"Ma et al., 2012",8649
"804","804","264",52.77,-98.96,0.2,467,162.39,NA,NA,95,NA,NA,"Ma et al., 2012",9025
"805","805","264",52.89,-99.12,0.1,474,68.53,NA,NA,148,NA,NA,"Ma et al., 2012",21904
"806","806","264",52.91,-99.19,0.1,476,75.1,NA,NA,104,NA,NA,"Ma et al., 2012",10816
"807","807","264",53.36,-101.09,0.2,459,116.73,NA,NA,121,NA,NA,"Ma et al., 2012",14641
"808","808","264",53.88,-100.27,-0.3,469,161.83,NA,NA,115,NA,NA,"Ma et al., 2012",13225
"809","809","264",54.16,-101.26,-0.3,463,63.58,NA,NA,113,NA,NA,"Ma et al., 2012",12769
"810","810","264",54.08,-101.32,-0.2,462,49.99,NA,NA,130,NA,NA,"Ma et al., 2012",16900
"811","811","307",50.72,-93.64,0.8,638,128.16,NA,NA,99,NA,NA,"Ma et al., 2012",9801
"812","812","307",49.75,-86.96,-0.4,810,141.04,NA,NA,133,NA,NA,"Ma et al., 2012",17689
"813","813","307",49.42,-84.08,0.2,771,101.71,NA,NA,122,NA,NA,"Ma et al., 2012",14884
"814","814","307",49.11,-83.07,0.6,797,158.61,NA,NA,105,NA,NA,"Ma et al., 2012",11025
"815","815","307",48.53,-80.28,0.7,817,111,NA,NA,97,NA,NA,"Ma et al., 2012",9409
"816","816","307",50.31,-90.49,-0.3,758,147.73,NA,NA,164,NA,NA,"Ma et al., 2012",26896
"817","817","307",48.72,-89.37,0.9,764,70.31,NA,NA,110,NA,NA,"Ma et al., 2012",12100
"818","818","307",48.17,-89.89,2.4,735,105.81,NA,NA,93,NA,NA,"Ma et al., 2012",8649
"819","819","307",48.61,-90.61,1.7,717,124.8,NA,NA,109,NA,NA,"Ma et al., 2012",11881
"820","820","307",48.46,-81.27,1,835,167.99,NA,NA,99,NA,NA,"Ma et al., 2012",9801
"821","821","334",50.24,-78.34,-0.9,849,156.59,NA,NA,197,NA,NA,"Ma et al., 2012",38809
"822","822","334",51.02,-77.11,-1.5,825,127.54,NA,NA,128,NA,NA,"Ma et al., 2012",16384
"823","823","334",50.66,-77.88,-1.1,821,107.24,NA,NA,140,NA,NA,"Ma et al., 2012",19600
"824","824","334",50.21,-77.95,-0.8,856,109.5,NA,NA,140,NA,NA,"Ma et al., 2012",19600
"825","825","334",50.96,-74.01,-1.6,884,95.4,NA,NA,118,NA,NA,"Ma et al., 2012",13924
"826","826","334",50.04,-73.38,-0.8,935,123.77,NA,NA,124,NA,NA,"Ma et al., 2012",15376
"827","827","334",49.03,-73.96,0.1,971,154.02,NA,NA,113,NA,NA,"Ma et al., 2012",12769
"828","828","334",48.83,-75.1,0.2,1006,159.49,NA,NA,106,NA,NA,"Ma et al., 2012",11236
"829","829","334",50.93,-71.96,-2.5,972,121.58,NA,NA,140,NA,NA,"Ma et al., 2012",19600
"830","830","334",49.63,-69.8,-0.3,975,194.54,NA,NA,118,NA,NA,"Ma et al., 2012",13924
"831","831","334",51.53,-66.03,-3.8,958,112.39,NA,NA,242,NA,NA,"Ma et al., 2012",58564
"832","832","334",52.06,-66.38,-3.7,901,104.62,NA,NA,188,NA,NA,"Ma et al., 2012",35344
"833","833","334",51.19,-66.98,-1.6,1010,121.45,NA,NA,190,NA,NA,"Ma et al., 2012",36100
"834","834","334",50.33,-65.94,0.7,1048,141.51,NA,NA,120,NA,NA,"Ma et al., 2012",14400
"835","835","334",51.01,-66.5,-1.8,1043,186.67,NA,NA,167,NA,NA,"Ma et al., 2012",27889
"836","836","334",51.09,-66.41,-2.2,1033,133.47,NA,NA,167,NA,NA,"Ma et al., 2012",27889
